timestep,entropy,kl_divergence,mutual_information
0,2.903490321086331,0.49980547400984293,0.12126349489981325
1,2.894302173665806,0.42738846610236286,0.10124301225667565
2,2.870094340885893,0.18086444462406293,0.08596119648713274
3,2.860675659562343,0.15420463126179054,0.07197004984613486
4,2.856475511510446,0.5955471284333165,0.08398931683316802
5,2.8560354783953024,0.14171589322373102,0.06412252258877382
6,2.857398538134408,0.11422608605151058,0.05221145879786637
7,2.8369837641287488,0.11403613009072193,0.05042358297893612
8,2.8311902557261055,0.2873529311730852,0.053836604608533234
9,2.8501662670863537,0.4484623388056456,0.059979064246365565
10,2.807753108865792,0.13574896276019482,0.05473821535781065
11,2.802724023339378,0.0838755073354136,0.039132235819481886
12,2.7973417257284536,0.2785016047185458,0.05137222730749902
13,2.8273805568860793,0.09233409746952587,0.043918950400370305
14,2.8236603633051924,0.11927673722044672,0.056090176952721116
15,2.8170814560945105,0.07463877031023834,0.036169000892085856
16,2.836273668930394,0.057518483099125564,0.027547753249707485
17,2.864177326285157,0.04112221679736965,0.020211708954629204
18,2.8728610492119113,0.05706524789240322,0.026228564026892665
19,2.8928776308338087,0.07109540832796372,0.03308664578130993
20,2.900171904465454,0.06512355239076313,0.03025790159114261
21,2.908593128857796,0.05228537313310944,0.025555533022646904
22,2.923629463192551,0.06042324822492727,0.027667497285004172
23,2.932461056673656,0.08077241733220913,0.03596863071560863
24,2.9293420591860477,0.07742016421385177,0.035970774449197496
25,2.940861837952609,0.08025838375177753,0.03763450124246326
26,2.945033328489787,0.07200060207997,0.034842973535942345
27,2.943027706984278,0.10320850531775251,0.04785810996520712
28,2.9463119456797493,0.10632533351400868,0.04842593309625198
29,2.952568654039484,0.06525253161669121,0.03150626409120205
30,2.9523613841265695,0.04571876151149122,0.021309832776718718
31,2.9657327364337536,0.05497476888935975,0.026613362703671317
32,2.9607518225009652,0.08441035571954049,0.04002759492886376
33,2.956846789235022,0.07806034764453741,0.036708996166727736
34,2.959340709993377,0.07941699845980825,0.0364331710050223
35,2.959924952294812,0.08613955646429969,0.04040042441029312
36,2.9542784275702667,0.09077458437042514,0.042024678850782315
37,2.9591034932777127,0.07173452659957878,0.03436598257085954
38,2.94913081174651,0.08438992278842347,0.04051748019320289
39,2.940644993409579,0.07466708359006374,0.03704742144322948
40,2.928969851579626,0.08357695115596522,0.04105295698106315
41,2.9208785225722824,0.05905229987971453,0.028729951316432523
42,2.921645693301353,0.0392816592699552,0.019244433175590547
43,2.903361697577331,0.04344457102383451,0.021139862044729618
44,2.8933320194761407,0.05873330980985931,0.028885232557024354
45,2.882195423227186,0.07772785688608848,0.037357442029329224
46,2.8631719399591518,0.2893557379594731,0.041786298925405196
47,2.8517996884598005,0.04603300220411158,0.021713420062032363
48,2.848035737493535,0.05864958102334098,0.028169353832679045
49,2.8403158616752795,0.0966066895839739,0.041674712935809044
50,2.8365374952586917,0.25495546104249767,0.041759284548405606
51,2.847095831220507,0.08386243980923927,0.03882142883850448
52,2.8390929131258233,0.3037518607044321,0.05320309359847841
53,2.8338020042260563,0.27387226215115434,0.04816734462736205
54,2.8317777180588615,0.07948642117498106,0.03819971862716942
55,2.863450401434916,0.07539415755393325,0.036858208247124935
56,2.877040091027447,0.07328135857817147,0.035674499901368506
57,2.8669906301891506,0.07625428210434507,0.037416606212141934
58,2.8756642458124912,0.08060769974840691,0.039393664384533844
59,2.8374929634443427,0.06982922288238702,0.0339567784953807
60,2.8264945192353172,0.0706895987525886,0.03449725487112176
61,2.832486265959299,0.11101199529630214,0.050659538496874434
62,2.826795962794229,0.5422050886232702,0.05175619803759801
63,2.8058188539664632,0.22861555072152764,0.04263345233670557
64,2.7823213438716063,0.4126746955579571,0.056876846690909755
65,2.765478144291934,0.22026007963967223,0.05054892492775642
66,2.7556415102053817,0.1097167729506732,0.051245297601275164
67,2.756090705175458,0.2724659938738747,0.056144676166532514
68,2.7677201833675897,0.19118667934410302,0.03892935743918091
69,2.772155079853702,0.11329668053665684,0.0439733316042028
70,2.7814469955628693,0.3865942146384239,0.05456644592846649
71,2.7721581668514803,0.12929111031585822,0.05434274604881262
72,2.808236564118893,0.10536592778258452,0.049330618943722815
73,2.8057498912810983,0.29896691863355573,0.05574510566289814
74,2.84126047829008,0.07854018586290516,0.03635377720168398
75,2.8440655150828085,0.057815711674454574,0.027761378267868286
76,2.8652121186169666,0.09822153972990319,0.04221653814801685
77,2.832210288338543,0.24061847392293392,0.04362819756735781
78,2.8229780494268133,0.3090628727599177,0.04443195425242563
79,2.8110243714745695,0.3379893212766877,0.04336035545828909
80,2.818456173579648,0.12727305882361026,0.035503333833385886
81,2.8333610020171958,0.09388894723737212,0.02162090926548066
82,2.814526074203204,0.1791216528240828,0.0413788789508438
83,2.7954795177420992,0.1145416767900991,0.03736902265134301
84,2.835662430705822,0.1466992520519005,0.04219505647032884
85,2.8429902229753585,0.05156390831741339,0.025676749719865777
86,2.8434950679387905,0.2873253518866897,0.0536102747384557
87,2.821003526699164,0.20206171102527556,0.05200636923718216
88,2.8116863318828997,0.0938603705320874,0.040634200750278016
89,2.8159509818574504,0.18779903498979297,0.045923188817411864
90,2.7839826955404474,0.15834158178422364,0.036872195926632934
91,2.758431799288984,0.16161738744452794,0.0414083405390977
92,2.7428098688962805,0.33074610704220925,0.04859831392292735
93,2.7499899039432525,0.09280991835763835,0.0409279253002639
94,2.74200415152054,0.23613059330703245,0.04910387397168692
95,2.7479827992569126,0.39170401500694996,0.06376590262392345
96,2.758469327468152,0.31676961110975344,0.06060066808535303
97,2.759275037939952,0.2388576021004426,0.05875684995435693
98,2.755201144478992,0.2484235919798443,0.04722850028219239
99,2.717240216636959,0.1486205193322208,0.03337782060910466
100,2.7126389223915575,0.23115690284787815,0.04196528122607246
101,2.6689675748600354,0.06577279014446821,0.03124743122967133
102,2.6391738279350734,0.22843231921574988,0.04755634539820752
103,2.635742428472286,0.35510818599160304,0.06950466200207939
104,2.6692411479490694,0.1093314667303497,0.045793116318676
105,2.6288342738661257,0.2781709544251443,0.04543864742384418
106,2.6367568231012637,0.36294800329663535,0.050568785952794126
107,2.610520759455227,0.24986471198744034,0.04597505385184064
108,2.6546495129270227,0.2143607338542756,0.03424774399708297
109,2.667150465677304,0.07997513142810497,0.03230299738986564
110,2.6374941097852016,0.38628911443841346,0.05356774928321251
111,2.6016609702365554,0.3574712016898154,0.05720324861445092
112,2.5574158945541785,0.3224438935653555,0.053962152575587785
113,2.6132112515503874,0.49196280116964275,0.06256159188998445
114,2.6432633095921205,0.38596088255507316,0.05514741924761046
115,2.61329092737538,0.23194661608942624,0.04101357914319714
116,2.616410417694399,0.24976010547180405,0.04143860576914449
117,2.6467363488758204,0.14099332970906542,0.03306159627860117
118,2.637107686264669,0.18287329088656037,0.04887813856198853
119,2.639341753044971,0.15767425396071394,0.03832622878319536
120,2.5814138899033847,0.26905998984678653,0.04941965204867205
121,2.5585141954594457,0.4012634170678646,0.06207998164609663
122,2.5844286855846805,0.2596976713150535,0.052125117445885216
123,2.62772448862929,0.18591922547445205,0.044858518142774084
124,2.644427506057747,0.29454123149019185,0.05736928629487825
125,2.6938820560677934,0.2118794291029019,0.052246576030704484
126,2.672821479016611,0.11449455556227933,0.051897726044891845
127,2.6880718960661865,0.10558113378717339,0.05051722486077148
128,2.701730476480021,0.10186584528937959,0.04928123637430648
129,2.6970433660707376,0.09654343509760392,0.04680464328220624
130,2.6773647008297177,0.09682547219555968,0.0454926822362951
131,2.684692017845456,0.26683541549711726,0.05346709911105174
132,2.665060960959605,0.1654401775479982,0.06332900164582234
133,2.602977453679236,0.29320369889618414,0.0596066115731384
134,2.6109213660578416,0.27228412385576917,0.062217860151302595
135,2.547168930117435,0.48961290238064176,0.073878481669438
136,2.559732794884181,0.32122551365563345,0.059735671106624144
137,2.5573435230229085,0.4864330885903834,0.06438386308495425
138,2.5401118117533477,0.34017399680130544,0.05358424084053204
139,2.550833096581224,0.5576186291159001,0.07012352124607935
140,2.6299592309049187,0.43324129794289107,0.08096431834582551
141,2.551677452918028,0.4726512302371018,0.06637561181026497
142,2.5324547357061347,0.2471596177421739,0.06663381129431056
143,2.5460736700562823,0.5555927795431819,0.06628400590796946
144,2.5474835175003663,0.4727125930327867,0.06391897348591868
145,2.551359618154046,0.36423113092229875,0.07391796153022412
146,2.585522222151547,0.30621485786248104,0.05715848822659053
147,2.573335819422044,0.13488749082953522,0.05650904951064173
148,2.565820413842591,0.7017087817425449,0.07163843819922433
149,2.560946920426051,0.5733378902054415,0.08057068090799802
150,2.540249958657068,0.22454688476584705,0.06235530646381138
151,2.5742081014664286,0.5527462329193151,0.06518326642422201
152,2.5780075635686046,0.1362866280730256,0.05729952761347579
153,2.556343302692906,0.26639745924171604,0.06763393457346112
154,2.618318561194501,0.31061465593075943,0.06487552127582386
155,2.5702580867342677,0.3286657519024179,0.07170265771419371
156,2.557065982950225,0.27450806425440544,0.056387195731800066
157,2.494602358905887,0.20779259823082935,0.055340486735467875
158,2.5245959836014853,0.4383972105907848,0.06507440781089446
159,2.5209469329130374,0.24546005858247463,0.060323415322750984
160,2.581263983692218,0.258930165185951,0.054108313087870785
161,2.600911903780814,0.09742929668990147,0.04532972274667357
162,2.5631320250866434,0.3202653622685404,0.05281013669446066
163,2.5869606752612526,0.09505618214864946,0.04184255524786873
164,2.6168362464971766,0.11269335477719207,0.049595049346505826
165,2.649248191208854,0.09251878630981968,0.04232194041259407
166,2.6146472393503988,0.2992382982562828,0.055677856811438886
167,2.5914139179690636,0.38476658049400136,0.054225833917902255
168,2.5799476324349824,0.16910859960604474,0.04510476036705091
169,2.634027737189693,0.09754151608779316,0.045448588493411046
170,2.655114986132295,0.28267619078192807,0.06383896885705531
171,2.6446916939602416,0.24745737278358973,0.05840095598014483
172,2.6365725720271294,0.359008883788831,0.06435048842268598
173,2.641207841664083,0.2533786948793455,0.062308056006598944
174,2.6639358738630463,0.21943175570860407,0.047814192046903514
175,2.653203328803911,0.09460717619266536,0.04394289241928795
176,2.649819941538059,0.13901863024446548,0.053864463136271024
177,2.670940533537635,0.1474451670938842,0.06292436399977941
178,2.65945900123614,0.13063309289092884,0.059879058924944495
179,2.6604842072099757,0.44020809420955015,0.07123922476470268
180,2.652930969227449,0.4883371496840817,0.06259264232620043
181,2.6781271781831095,0.5902508885842855,0.0697790368411284
182,2.6976990151307185,0.28100389031398737,0.0619184206875818
183,2.6879343015844746,0.23783297068617923,0.05147438706798391
184,2.6489802168472605,0.22804715975919165,0.051075362211308706
185,2.6403539940406477,0.07289070798797509,0.03586331050077263
186,2.6675049779557654,0.05240565941984927,0.024973486479479945
187,2.659580038021879,0.04908736610953678,0.023676057165351372
188,2.6746284857048797,0.08051156092477463,0.0377486638974156
189,2.6876503015548097,0.20204420108094814,0.03958378112194061
190,2.675804325317115,0.1205418974114065,0.052357685261347875
191,2.6723843300469134,0.12744115479975804,0.05507587492217425
192,2.6782111585646105,0.11341336159242583,0.0482509731181604
193,2.720284221485415,0.25184706525785866,0.044955637682668304
194,2.6977171003637164,0.2663099036015566,0.050680197555823314
195,2.6903794254776967,0.3160026176237894,0.05592197255785325
196,2.6869340058727293,0.12263708234731813,0.052369157880835626
197,2.7317422336234327,0.3443722023108686,0.05896388291940746
198,2.7296028283370397,0.06916300350254524,0.03221913752945205
199,2.743504567928315,0.25963233981183653,0.044569489006473395
200,2.758467940465551,0.09558910556385403,0.04390380690467732
201,2.7492353796806004,0.10271062929698555,0.04757913638414668
202,2.7378314507555777,0.14500826018691676,0.05764312123041737
203,2.7081018444171354,0.34819753884232485,0.06212002106192149
204,2.699348228149713,0.23426608768650212,0.05357731157608869
205,2.667945794246311,0.0961248223153816,0.04195552161851368
206,2.6458378700243497,0.23407437070541315,0.049909867651114936
207,2.6550364144737957,0.16356281854382193,0.06164786763717367
208,2.6376804137294823,0.22384290209633173,0.05696785752250899
209,2.658326876694303,0.38119510702732484,0.0576346462730839
210,2.6705294165832516,0.44835651215864314,0.07177457685167599
211,2.7175849950113284,0.1027641498292764,0.045819318381137064
212,2.680945213912109,0.1130798223776101,0.051750176324705244
213,2.6952544095457154,0.3193793980873407,0.06124331702335151
214,2.6751728478257726,0.12226404188803158,0.05372444252690989
215,2.669820903425235,0.44050362370882484,0.0620870993619973
216,2.6882125560704115,0.10575338412831635,0.048779346153142944
217,2.6795331004084844,0.3011262574507954,0.05544096974431434
218,2.669556743574476,0.14664583712474444,0.061242942561532177
219,2.657359884568206,0.4932213909274993,0.07015926793607896
220,2.6696251295655364,0.4816658515004304,0.06248148829390976
221,2.6407385482197165,0.31736335702220964,0.054102906194343214
222,2.6032330155261283,0.5201912809077063,0.08885868227235161
223,2.624664891853097,0.6753408183354619,0.0837003602475126
224,2.621607647783177,0.4423053912840357,0.07220874325997806
225,2.610677298899584,0.091540151722659,0.04222574920394817
226,2.5502645257025387,0.38512911957953544,0.057683345419651255
227,2.574057147664611,0.3950251433244861,0.0548263365260826
228,2.577014805418183,0.17484989775317336,0.04543485579565698
229,2.5716349213925422,0.29426492585228686,0.0509323762741789
230,2.537670935972078,0.4578086845461289,0.058129507326059926
231,2.513934982282071,0.5282557228165367,0.07114867996357055
232,2.569162423790889,0.47112735945338774,0.055421320791865014
233,2.5889748488514592,0.08850427406050865,0.035280183205201876
234,2.574639171663942,0.2646933246059444,0.046921239971810635
235,2.588119543101862,0.42212389709352116,0.04924189553800429
236,2.5578422040203828,0.27490189313010505,0.03707539134198101
237,2.5414921343848498,0.4352102303925246,0.05329657842225277
238,2.5779843934429767,0.3511624187333291,0.05827031541506078
239,2.6103203741269314,0.31175071342168686,0.043162883303513366
240,2.6315187704349317,0.19818902587546347,0.0390150955330153
241,2.6684054288626293,0.18543021195690196,0.04047877172892633
242,2.678691202219042,0.2631991203067215,0.038627912682636545
243,2.6670714500612043,0.3015789182815655,0.04947725189264118
244,2.632142346219415,0.24960690228944613,0.061971889473584785
245,2.657234027699099,0.24257395285655553,0.05596969006373631
246,2.650316158060032,0.11062264056786683,0.047796945695042226
247,2.6427899425446832,0.27580575443926636,0.061053845061821654
248,2.605552022820551,0.339314222934082,0.058338339324869315
249,2.615536475768741,0.3422877035387948,0.05309639279854661
250,2.6360168459699382,0.2241176180789588,0.04043641404711518
251,2.6345771809346603,0.09536961720206139,0.031770316563368484
252,2.6112215194826525,0.09688252535800326,0.031665798549986635
253,2.6639689072325115,0.2354881018215807,0.03575597475448622
254,2.6474377578887087,0.10069944471343349,0.04007379052399829
255,2.631025848055857,0.1814296213913048,0.03271138569379817
256,2.637497608940016,0.05623267970874798,0.027363286129975517
257,2.6452347202913087,0.17177067233114038,0.03768429723949018
258,2.595029654418868,0.1602107339225157,0.034424340444527246
259,2.648235052717477,0.03962587517735333,0.01864131671476854
260,2.621593580672071,0.17197633636698406,0.026411851112658313
261,2.6519351841509886,0.2915562574492696,0.04389808479348023
262,2.6796915737472107,0.07371051680162037,0.03165021442617477
263,2.647291883924071,0.26406970475893476,0.039623935052424786
264,2.671526237730132,0.5611448181121872,0.06628028024122701
265,2.7156655836065435,0.44067396647666385,0.059583001365108634
266,2.7349452174344586,0.08289250614747495,0.03838945705351171
267,2.722899613477403,0.19708519746599212,0.049239796186604234
268,2.6925093406132494,0.2936267042265736,0.04921791983089219
269,2.712894140384954,0.49080895186674833,0.07154030994522742
270,2.7591092389277687,0.3340977027301071,0.05413167459401924
271,2.7841567840790895,0.06754376041868748,0.032920582289619915
272,2.7626548271996767,0.21049850359208763,0.04360702323184995
273,2.799004574220241,0.1712854425306359,0.033921012471265
274,2.828529450063345,0.4289713682822872,0.050650256582881914
275,2.826435297210951,0.44201042955534964,0.06293967090134678
276,2.8093352332483326,0.26973524025082324,0.054309076970700865
277,2.807008856352689,0.13072096538649547,0.05660040119561005
278,2.787252138958957,0.1315683076556639,0.05700155271817353
279,2.8011791358847864,0.12803685968760534,0.05261040517335669
280,2.827752561423055,0.08634272737118204,0.03953123689865112
281,2.800458570129193,0.1439677788865296,0.030801974774453678
282,2.7689928486638147,0.14501633639289258,0.04006733584704625
283,2.793549320095762,0.21037051520507788,0.043722952678137084
284,2.792187500906114,0.2042781880913902,0.04962787811378577
285,2.773074793504108,0.18088852731352426,0.0526387745522674
286,2.782162555079021,0.26857130417516817,0.05598333904246
287,2.7842636063333286,0.12781425935447985,0.0353399911292529
288,2.802433726112186,0.08304219710414164,0.03861068832533987
289,2.8253461983712507,0.06470407812627361,0.03251836889809434
290,2.8245985453913036,0.05702673983045105,0.02824618197705009
291,2.8198655949209037,0.08325379415313014,0.04055450104280278
292,2.853033248050495,0.052654671105099485,0.025439820153984716
293,2.8124576642997714,0.2979905343560254,0.05568646649062803
294,2.813292669487499,0.12416404250575594,0.04902693386956458
295,2.803528065360588,0.10720343895849961,0.0340256205831837
296,2.830806251297088,0.2543229360269867,0.038845181434815634
297,2.8399533533419454,0.30350366563568715,0.04831999422210065
298,2.836509504853339,0.3028637607597373,0.052434454500730476
299,2.8437842606083628,0.08586061210490531,0.0400822150055089
300,2.856232332794119,0.32466002246984593,0.05729548958826247
301,2.849799421933983,0.10763739512841008,0.04549218169424396
302,2.8386674584404874,0.10917194170048285,0.04764935266063608
303,2.870830228593849,0.09338972404809162,0.04488366724892412
304,2.8819087423933762,0.17615204721417627,0.07174022407545677
305,2.896896314810302,0.12335233189150549,0.0567037552985461
306,2.8699453699639497,0.4267270363983236,0.0809926704528674
307,2.8606492731550253,0.14003759517210898,0.06368240014463056
308,2.8550319177032173,0.11943043738533562,0.05165192532334384
309,2.843821611300924,0.1031539098955604,0.04655303441950642
310,2.844379720614441,0.07457006928662241,0.035104477091089104
311,2.852271415673786,0.05581384152962389,0.027424132747179142
312,2.8313359781211966,0.08534607963991087,0.04062811070998684
313,2.832129704268061,0.10243453547784538,0.048162823990607784
314,2.820765542826096,0.07419064463940117,0.03578996386396294
315,2.808660951635625,0.2481582823522588,0.045562193812224816
316,2.8165113176751184,0.08369562631587363,0.039832477395099986
317,2.8243099494351847,0.13244416676931783,0.05793210329313947
318,2.8087040045806555,0.12688656148048594,0.05789074869475863
319,2.7954254911559415,0.13958767651638795,0.05041219989075851
320,2.8035436739635653,0.16249964590324545,0.0479252638409704
321,2.8157825406828056,0.22612382304249967,0.04389841777322334
322,2.823282745261201,0.10032727365341948,0.04881149296933329
323,2.7957936100832583,0.26899470275941123,0.05593034035375233
324,2.8003376839352105,0.08732196619253446,0.04023500378272993
325,2.7663654696099824,0.11043759539022692,0.050110771029865386
326,2.7397537355458037,0.29345985789672224,0.0637476751386592
327,2.767499706317727,0.4626335875079142,0.06345404619143014
328,2.768387499201377,0.5440921205268427,0.06584355517687879
329,2.7836695882898006,0.11361149472661684,0.05149839001915346
330,2.7825226108862906,0.09210951361429848,0.042678698382335956
331,2.8057907722507043,0.08961698334491447,0.040642724810374675
332,2.8169611419037457,0.26634772539545476,0.048021257255695504
333,2.8333796003610043,0.10654438079931888,0.046776112452742824
334,2.8410874607544354,0.06904654718394296,0.03252268650499501
335,2.8596732750904574,0.07595913048127884,0.03548989066260133
336,2.868689795844194,0.08309069568906813,0.04044310723330713
337,2.8647906649269976,0.11380053377869832,0.05228867082250921
338,2.8470244078046054,0.09533619681417542,0.044955483481688985
339,2.835280301248152,0.1442963066634933,0.06041378102249273
340,2.836899051649242,0.08763299456825309,0.041033379735624376
341,2.823412697354329,0.09399477275716658,0.04319592672321604
342,2.8459502416894367,0.11029912843419275,0.04556934143284841
343,2.823331971370771,0.09047086368272589,0.041502451674931606
344,2.796372653551085,0.08091744199647478,0.04021188652772789
345,2.787814511786852,0.069416296025721,0.034378961169647226
346,2.7858707639556393,0.0864793299038248,0.04148266938558787
347,2.770119150545165,0.09561792440439956,0.04496730641909541
348,2.775391315511279,0.09780267406921084,0.04587620820428273
349,2.792352034998917,0.11518696079985144,0.05178765624729764
350,2.7644744519103517,0.3225421159089722,0.05763327519765005
351,2.7597176765937905,0.12209291827379712,0.052771027436341544
352,2.723287807387096,0.3936158132386544,0.060055835456976236
353,2.697823077307,0.44076406344528835,0.06264044597916874
354,2.6798944532191364,0.0964878768727928,0.04385965256558344
355,2.6825086569232277,0.2525891460723929,0.05557639832845651
356,2.696989723226903,0.21675170269757574,0.050883577974322414
357,2.7358221689627054,0.09861529503339884,0.04753785082994688
358,2.7322509973053872,0.09638108329650796,0.04374203952589473
359,2.7442300553965926,0.3591668999378833,0.050256280428708555
360,2.7494788179277236,0.25936709986026657,0.04880637073761496
361,2.705057646807247,0.2838981187953646,0.05717849075609038
362,2.661943744742159,0.2718533723911391,0.05366213654730645
363,2.6524744176278485,0.49444954718652906,0.06808362264384593
364,2.6682992992725714,0.33532028158619703,0.05405324935058564
365,2.6724355261792088,0.11143079727803983,0.050164923574697706
366,2.6696750516269065,0.3238256711185932,0.05361408665137146
367,2.6665805998911063,0.47315440035384615,0.05389927953622187
368,2.6930266268616547,0.08299398568541677,0.037126304678222866
369,2.688521088017483,0.5278605083256089,0.06975036284364444
370,2.702285102719179,0.5300457509743126,0.07629910908620885
371,2.6751110948460624,0.7786457882191895,0.09235527347147388
372,2.637367442273682,0.30866427394068296,0.05959022161597782
373,2.6679396397335218,0.24298536946623545,0.05756217327615709
374,2.670286282039916,0.4340046873114517,0.06791626064753742
375,2.675973636161328,0.30839181256053727,0.04720150664326983
376,2.702173640957059,0.09050557617048943,0.04223146662299171
377,2.7328869582854356,0.08663527357006884,0.040695351938965896
378,2.7024241845578345,0.26399653958798236,0.03720858146114958
379,2.7148910605641303,0.05900324170865783,0.028110924185866137
380,2.667109028516407,0.12872848487640662,0.03813080762912979
381,2.653709161955939,0.24362766917461828,0.04376444038654914
382,2.6531489193193925,0.3295134784942235,0.05278890060740182
383,2.6880351403470737,0.4295135489600621,0.04959163656194088
384,2.6292139204480067,0.329295622902543,0.05742821551959132
385,2.616200322207517,0.347277600179139,0.057388099693965744
386,2.6921022298884063,0.20106322871969629,0.051662077443835885
387,2.6602467432252737,0.304968525513003,0.05100428411644953
388,2.637290348948169,0.10912290096117948,0.04668306155732771
389,2.6636213573791876,0.16033927469659737,0.0435363160089246
390,2.6359877649576138,0.29355699257804824,0.0465371132937753
391,2.7121254023492103,0.07956394264688932,0.03677303014217581
392,2.7189830958586554,0.2623332982747787,0.04141636430728246
393,2.6797352248966506,0.3233154808712324,0.0449419982247552
394,2.680366190387115,0.09634903575464472,0.041562579533799715
395,2.6689432702285476,0.08331950713843167,0.0387017579753588
396,2.6485842263049895,0.22321828463063284,0.0500362724582486
397,2.5813940823213297,0.29210184128591465,0.048067001179175284
398,2.623843623639611,0.302600315424978,0.05348198491774947
399,2.6367545257490095,0.12623909421837473,0.05366893231308589
400,2.6680282007479343,0.2312724784022466,0.057800980231413
401,2.674911579487901,0.45919479218535614,0.0502409055904689
402,2.6948594510275514,0.4962160385883024,0.051105047779449464
403,2.701461876908681,0.1071128195462426,0.049319877223337194
404,2.7003228395580354,0.33154643241042864,0.05473339971167279
405,2.667438543770042,0.4248091546859296,0.061193176134395344
406,2.681525185857063,0.20833417962323705,0.05351550912059966
407,2.694386742683145,0.15108997855300216,0.03156649939937184
408,2.674239236017805,0.0744444224559772,0.03398290155902317
409,2.646299877953341,0.20617373233121572,0.03453372483899342
410,2.70171443770177,0.18740365152302077,0.04100173316725253
411,2.7565700706404286,0.2038611094616635,0.037978018263208346
412,2.7718299822348493,0.0687809869448572,0.030693502465422684
413,2.7739171079912004,0.2053087364593546,0.036112504198841044
414,2.7632203046473096,0.36764575184906806,0.04614011066495971
415,2.753188485271049,0.17952763383612064,0.030482252175781488
416,2.7211983485580387,0.3374903517170034,0.05550119415267174
417,2.6963732429893854,0.29658519056593685,0.048839112786617234
418,2.706608428750452,0.32509096829155537,0.06026747630587703
419,2.739112135163898,0.20028107473713502,0.04515127861928625
420,2.71609349849083,0.2378659883730784,0.05286375993342207
421,2.688070534423038,0.09764381148357255,0.04203221865256146
422,2.7291900910918123,0.10511441911197436,0.042791728372835625
423,2.739177868113665,0.113215149481974,0.04606504284605584
424,2.741591205435398,0.30259584766076086,0.05592326888770849
425,2.717830971550261,0.2377351179474418,0.05192728272285074
426,2.7372916865828523,0.2576770627639481,0.052347020918572795
427,2.742388188738923,0.07481071809211924,0.034154031242836336
428,2.697589332672568,0.23729144737215468,0.047847918924258215
429,2.7180174784867224,0.08841816348366632,0.03563530891499389
430,2.6776710475605547,0.08452106519274093,0.03572452318741126
431,2.705698905968707,0.3088495903130241,0.043500187913489974
432,2.7087877625200307,0.07338581825283269,0.035081699969663926
433,2.672275336612044,0.07372360339415568,0.033566039224497635
434,2.662424381837713,0.34684953973170696,0.05422704431870318
435,2.6815239219086653,0.18939142090576377,0.048238124221360534
436,2.6777962624201628,0.22500310562762563,0.04216096905650546
437,2.6795706901917877,0.22597205307513057,0.055520801733994096
438,2.704559611399204,0.31987519437635,0.06375523258660265
439,2.6955601808539256,0.38851571742503477,0.05772761177620267
440,2.7145419609205312,0.0764663699716364,0.03619858751184157
441,2.7125795198719143,0.2669997850246603,0.04046726812603074
442,2.6930105503010884,0.260492117115515,0.0408006962314853
443,2.65531237373202,0.24869563324957916,0.04592641175746626
444,2.690274119988431,0.16895808706104354,0.04716385268866086
445,2.6862675403351064,0.15361999211704405,0.04394713765898439
446,2.664430522819821,0.23055024814323768,0.047199937510145284
447,2.6322297373257384,0.15413961295415898,0.03960018714946023
448,2.6290565695327297,0.4290522614177217,0.05749091076966506
449,2.64766399340693,0.1953863567943336,0.04444008993929249
450,2.66025155557143,0.42051737185658394,0.05869293688576804
451,2.657143160844724,0.19024791477632544,0.05187647586204647
452,2.6574871572688394,0.1570765536671531,0.04868282016907277
453,2.663849182838928,0.11422480531648693,0.04969485538942564
454,2.6876200927584923,0.16052369924473378,0.06519630223310635
455,2.6823213432618758,0.10848713375037491,0.0495883067770404
456,2.6684118167693547,0.23998761655109258,0.04760333821691054
457,2.672679990907601,0.2275436794408287,0.051988432945062835
458,2.6915802605596286,0.18989504764972362,0.039432579834983494
459,2.7156467567368088,0.31486034234082905,0.05031613921598366
460,2.751138257143409,0.48568310515028684,0.06584623684879864
461,2.7355254054749834,0.23150503234535483,0.0508083723366799
462,2.737933566894852,0.11273878440693008,0.05302682213337073
463,2.768168066542484,0.27692047335610703,0.05975544165122426
464,2.768886288231273,0.2503383325076337,0.05310378253052894
465,2.727813808421454,0.24742407870824343,0.06469975926472604
466,2.6886851971541432,0.0952188593742864,0.04426006570020813
467,2.6274169956876268,0.24990715429565025,0.06070408551168227
468,2.6998684725314717,0.0889804651267287,0.03989511315239591
469,2.7212120094210785,0.07429618271517047,0.03480053378785408
470,2.6922531123417555,0.23101724126865544,0.04305686978863932
471,2.602500378802394,0.09338862678149779,0.04503856741852519
472,2.5972354376429,0.32722114948205855,0.04758972929045657
473,2.589043298572992,0.3128585385774747,0.04463069665225938
474,2.554673147179622,0.5607610528530494,0.07582493466730833
475,2.55953529211772,0.4709670196246528,0.058949611693555504
476,2.5124230368226064,0.47552263964193237,0.06565427559192938
477,2.5091110654269415,0.35630714009024594,0.05919170620317238
478,2.531360935635697,0.3635470759332927,0.056983797838722205
479,2.4898506002661085,0.19764828723640596,0.0657340842377474
480,2.4815859779641696,0.3800978673174098,0.0643602224441906
481,2.4815853176242237,0.42084577310730353,0.05472154491509773
482,2.4774264858794584,0.18104396369971246,0.06421259440787708
483,2.5053933826386956,0.3293614419053681,0.07021674373737152
484,2.4564571155150237,0.24081490495533936,0.058482787702180516
485,2.4337371765542564,0.14324689005010244,0.037868050493609084
486,2.417795724454318,0.13593984466745482,0.044806784752886575
487,2.470177444823481,0.13083431128785175,0.041094438173555625
488,2.5237995539327294,0.13581055631860123,0.039653079419293746
489,2.510023786936137,0.2458011207319456,0.042695510280832405
490,2.44921248070646,0.1977465093011347,0.037251808463717895
491,2.4632074697708193,0.19543990660400734,0.03511952038773436
492,2.4377597983081474,0.12093027110909824,0.03470195417386868
493,2.4488469923328866,0.2478974382015161,0.04161997577153431
494,2.422381360170706,0.22624730479420382,0.03519001411099998
495,2.4186625590387667,0.18245552815576777,0.039252623214932614
496,2.4495745293015423,0.17175164820025535,0.04211095327325398
497,2.424383373865811,0.3178034328218788,0.05751986260720887
498,2.425125383408148,0.1713843578959079,0.04514963074497591
499,2.4564263524556447,0.12904152512076383,0.054478593601712255
500,2.449585308396072,0.4310691069032125,0.05935699469122713
501,2.453869770868936,0.2548624146842526,0.06517131428809697
502,2.5332805106354455,0.09983906220687533,0.04326919648729688
503,2.499887989645459,0.2119113783045013,0.045824060859755544
504,2.5194412872921212,0.5134872341116771,0.06328008649382255
505,2.510228670283769,0.28275716511747523,0.03752423179970821
506,2.459072033433481,0.16087935197168038,0.03908985059712555
507,2.4204074169940304,0.2211573421749065,0.0403750883811711
508,2.4056387298324893,0.15198281138023043,0.035990440997504924
509,2.3790679833861073,0.1465379248408386,0.035905067324515594
510,2.388406966750827,0.1780155596097364,0.032790297764913046
511,2.4185271870261014,0.27554819342998726,0.04919474737416918
512,2.4050255064190402,0.35222252274666643,0.05855914267146978
513,2.384132800948248,0.315674769572748,0.051654353599463354
514,2.3673469401960525,0.46512538868386843,0.05389247794422514
515,2.3540550122445003,0.3305127952985405,0.04511225265105945
516,2.4062014489569643,0.28349948139777503,0.04857824223899976
517,2.4022213754418473,0.1273015204945538,0.04912582605545479
518,2.4180244481168947,0.10623099509102055,0.03757974234974193
519,2.4629761829720778,0.2557637057337154,0.05661875978119091
520,2.4444176054878355,0.19455521419719796,0.048497228215159005
521,2.4840143246851296,0.11917618047646708,0.03627095665501012
522,2.496919033922031,0.29990277767971185,0.04958481547867977
523,2.4712717787311984,0.41081510539893995,0.06732805477478476
524,2.452580685530723,0.3347150910019058,0.05936706814852499
525,2.5403099638569016,0.32770543061673235,0.05703958870149717
526,2.5369752612685863,0.22759859217027514,0.05302963770772551
527,2.5579284685158434,0.2533627518553692,0.049197480867318566
528,2.6049691244997444,0.0861213447303618,0.036704005136250606
529,2.5701554426476325,0.37696401231014365,0.04921575987313376
530,2.5944940694091856,0.37515385656887446,0.050499270005663455
531,2.6023427362718,0.09204662569137467,0.04149083865015202
532,2.6452487765086996,0.05608971010128247,0.027251212540348346
533,2.667059509594886,0.18309925364202473,0.039049256810741007
534,2.655715192627898,0.17642199044180307,0.03824120005873155
535,2.6394707534710546,0.06787171666265251,0.031678961142571405
536,2.6281541445838736,0.2378810951974766,0.04359516463772306
537,2.605764996352202,0.4202003484835213,0.06456849436067347
538,2.638089826146819,0.41758190006801343,0.05751829444459955
539,2.634702218883861,0.21616427242900085,0.05231155977172586
540,2.6138027508203985,0.36257876598843075,0.061068186964916116
541,2.688044296404645,0.11226124116998938,0.03864149443101761
542,2.6722686920275227,0.11506006593331589,0.05230056164828856
543,2.673451821390229,0.42424110433467344,0.0757883908215391
544,2.684340958821461,0.2834494718414574,0.05991807795058568
545,2.6809024561535653,0.386230849678029,0.06293773436996375
546,2.6664785692874444,0.22741336581159224,0.05516417320273481
547,2.6854159851059496,0.09181870696590447,0.04205595319731015
548,2.6716522164631016,0.20134993524307018,0.04267826519451323
549,2.7029571544085544,0.2257400411998715,0.05223059749778369
550,2.706074636641902,0.3111146011135478,0.060510925828030304
551,2.7021863020952273,0.36204154660974813,0.055620998988412884
552,2.681021593900747,0.11855669018304679,0.05023685069499395
553,2.6664246546164163,0.09061370533929666,0.04217969457490556
554,2.6509137853830778,0.13194595229189524,0.0574871901326508
555,2.6221434822954803,0.5083138022944158,0.07631794869666009
556,2.6111491673887564,0.45833831782916845,0.06315869354608372
557,2.6106820000495645,0.3144407273456858,0.05625153616976997
558,2.595390920342335,0.09826588375909755,0.04741229894761512
559,2.58308030188286,0.29146034656707814,0.058520077923785996
560,2.6045762331112874,0.39171001898954516,0.055082170048024404
561,2.6214282357284806,0.06310371415087102,0.029584028308501598
562,2.5796892648887053,0.20098587359080994,0.04930127028874787
563,2.580868471486307,0.1514841667949223,0.03943752957740876
564,2.5705921119189226,0.40303634355252627,0.055813668375942926
565,2.5522812575593306,0.4449248645706767,0.06599900910307244
566,2.5750415741366632,0.21602321111651157,0.05154829875047562
567,2.5679214119703895,0.3905665692311278,0.07423586189360365
568,2.559423824911904,0.48692675675262087,0.08222102690456756
569,2.539371977613204,0.40902935806125346,0.07176216334593155
570,2.5429375310971336,0.2717143083372333,0.05306689659907482
571,2.5505196093169813,0.3597964753983305,0.058222975052866666
572,2.6281029046791624,0.43269645859008,0.06184842692719417
573,2.5981699562650835,0.11948438840950848,0.04498620929156272
574,2.609441224533193,0.28600513080280116,0.05979391845065063
575,2.581136139790001,0.18694688984280353,0.057436266545574544
576,2.5757824579030535,0.36340419708111227,0.06421452597332067
577,2.5787143106463044,0.32292186318437877,0.058217844411092345
578,2.619340479548006,0.19797384448095465,0.03948332247179609
579,2.6339529318491426,0.21640476992004792,0.03514428006315362
580,2.6377497899411364,0.07689081178742702,0.03452400524191135
581,2.6700234282968585,0.34703113237566485,0.04052085126728033
582,2.7103761806862106,0.07925186184628435,0.03669506409047818
583,2.686872831030105,0.0679354673715253,0.03322353410881762
584,2.6467824650146206,0.18391148865464127,0.042032421061972025
585,2.6084426912308456,0.39489384326367133,0.06000773790895342
586,2.618376377576251,0.37276335310235437,0.06597838575164716
587,2.625154902803983,0.3570395598481225,0.07117215234292518
588,2.6135875083105256,0.12185386448732527,0.05447787508027213
589,2.5918428622492637,0.21215922668822673,0.06493994648627832
590,2.5755600103856873,0.230582572307118,0.07047433335594544
591,2.5738013574954866,0.3819064164104325,0.0850216357726139
592,2.585056400229824,0.12343133447879796,0.053540403685629956
593,2.5908410911684783,0.07197740261950034,0.03448595609817007
594,2.586783490999646,0.3350780499994291,0.0646056354451987
595,2.6016970243220356,0.10523066377055508,0.05075223200099899
596,2.539148409491526,0.16128302538546987,0.05289003099615108
597,2.5422612702025913,0.15100636470776788,0.06690524350687532
598,2.540705966755934,0.3684469619967678,0.06441281321726211
599,2.5150724694174293,0.38408582976637323,0.07523694173118645
600,2.4702244848558927,0.47971916088367766,0.07228580026248621
601,2.4915125697101113,0.376069493272004,0.06287407130676992
602,2.4772097861733373,0.49680387198687626,0.07103479313299799
603,2.4830270101866962,0.44651085143076813,0.0656054863241382
604,2.4901288645839257,0.37062379101436327,0.06711889534404758
605,2.43789511830102,0.339537710626912,0.0781900219610212
606,2.4260155111546418,0.5501339333262799,0.08402807017920999
607,2.446702116285672,0.47413282545275226,0.07108188700098261
608,2.5081356740509797,0.11561241734077513,0.0520142722025545
609,2.509815012228203,0.18744720608054743,0.05906045576054275
610,2.5380194217409215,0.325800319163854,0.060073109372897227
611,2.518536419307312,0.35013118704188806,0.07381556590140259
612,2.532054723805466,0.4102541057481572,0.08197620474255962
613,2.5220334672918323,0.7299405558278046,0.09395523788692661
614,2.499988285416782,0.6035024341647814,0.0812599842287367
615,2.521989314193697,0.40401313200751665,0.09042956494747822
616,2.4946097115573185,0.5044125289825989,0.09392106096259911
617,2.54731816087195,0.22784855761377473,0.05669332473004318
618,2.545304009872327,0.2125088074186636,0.050486892636828706
619,2.554498637362248,0.36563061157931975,0.05972388548407648
620,2.487819260961742,0.5596038854050813,0.06529647340793954
621,2.5245375507179317,0.22815527913949632,0.05524474733120943
622,2.539975228013126,0.469383511774438,0.06454741936593833
623,2.49386151151052,0.4596626177067734,0.06800635472205374
624,2.4161725618730245,0.7116759667394175,0.0859030086900403
625,2.4167069979727147,0.44160941117901314,0.06673386133877335
626,2.3821254164222223,0.5993387418779521,0.06491168592496699
627,2.4486495938951798,0.5661031002818494,0.0638099952044684
628,2.4955991805502986,0.10960553435516135,0.04821859719824806
629,2.4239856656958625,0.3794132769720379,0.05370080440691338
630,2.4789076673292723,0.3402015093178997,0.05058255434340375
631,2.492552341429888,0.27120619370478044,0.04337402252134148
632,2.4899770306674007,0.26457258711981996,0.046974686908964225
633,2.479011801173087,0.4906970471567685,0.06870728429726536
634,2.484260045911176,0.3379618493171682,0.07033425172762708
635,2.46407174236301,0.25518456525774436,0.06856197225448657
636,2.506969632702585,0.6248850217559491,0.08312642881989563
637,2.5438466395760475,0.18647998307003474,0.07819943756001702
638,2.573674714000311,0.3905147290806053,0.05441917483372127
639,2.566048862115749,0.3599302014333945,0.08034466966433595
640,2.5885200867721165,0.09066812991962235,0.04178976647760457
641,2.5581768608455513,0.07971394324254331,0.03834203999708774
642,2.568571898099396,0.07994914175347506,0.039264408707854415
643,2.5639662296167836,0.09859436801855868,0.0447710583452825
644,2.5626992792991428,0.09837950828912018,0.04581203199627448
645,2.5162812019862977,0.1397074282791823,0.05311502672115331
646,2.523249099692684,0.3063883040471413,0.0745845344599303
647,2.5794521504290495,0.3126531232166002,0.05725007465966292
648,2.5927662088412835,0.0947737875679949,0.04467209266602978
649,2.5992196298985526,0.31614217634909203,0.0674891635773982
650,2.6322241418908687,0.29673593626533173,0.07114063004114435
651,2.6392597461234004,0.4782014517402875,0.05997047384017962
652,2.6525308420277547,0.09884707737183669,0.04686843940228069
653,2.606747909931257,0.17148023150401062,0.06819193448488581
654,2.5940388109013437,0.2910486029355875,0.05072237383272715
655,2.614258157677744,0.2685829944347651,0.04929439624221965
656,2.5632538454568596,0.10619944673306525,0.04597693443163986
657,2.5268046996682445,0.0995753265231542,0.04050058479484342
658,2.53718375226082,0.06643370671267768,0.03087418079498616
659,2.53485792050111,0.07785966495993503,0.035840213350891936
660,2.5319257408358933,0.2213604656968258,0.04159958193100466
661,2.484596860840363,0.2096426634649271,0.048184614880138144
662,2.5348447378514853,0.21684322933996547,0.04877696851105262
663,2.5523334737490555,0.23863975656441427,0.06363265190618406
664,2.49974317958637,0.18756773168093102,0.055129345382097794
665,2.4300495242238185,0.36870705766073564,0.06204431254210241
666,2.4340646082434665,0.5865207006809805,0.07574335714665281
667,2.4978353407649836,0.3346110572485941,0.060108205180117835
668,2.5080887460354173,0.24751919237723274,0.054851928703782526
669,2.457947859226076,0.3568237509343332,0.06459148913610124
670,2.481662158531692,0.5504810161741497,0.08273321907700404
671,2.5115023592240684,0.29355633805395526,0.06600841418190151
672,2.523410953392058,0.4223462221179817,0.06266521813482284
673,2.522320027756628,0.7020639060148279,0.09082658939890487
674,2.532520526065974,0.25799793989205905,0.051013401605145114
675,2.533867588546186,0.4180846432083776,0.06452317738631042
676,2.520466019432229,0.2177316744845469,0.05014856818401103
677,2.4292043708819597,0.252321992540671,0.06228533537691083
678,2.3884866126855715,0.2989785683497004,0.04526959715336942
679,2.4320998039863873,0.26039507912313414,0.05343250565595681
680,2.4519354658755557,0.287088755660807,0.0563329030764832
681,2.5229401922443095,0.38185435768607595,0.053155670008022904
682,2.56035232535121,0.16585415674709045,0.04418696365320085
683,2.505345380370869,0.198366820621542,0.031784332304193974
684,2.5445456096300103,0.18372252240056908,0.04154821305015877
685,2.5485525957038844,0.08706025773552378,0.04077807938274347
686,2.540377597448772,0.1889444176767389,0.0461559877732598
687,2.513447388323014,0.26585874794850406,0.04524698906444824
688,2.5233236110994555,0.24266826134005604,0.05199310985912642
689,2.6225963227806877,0.1653707924768919,0.03876144782674751
690,2.6383092642292953,0.1681626903435214,0.0402471858809299
691,2.6418137415708878,0.07277612362177227,0.034113349301087226
692,2.7159481083253914,0.07284751694075141,0.03427962783900296
